arabic_text,english_text
فهمي,Fahmi
ادم,Adam
يحيى,Yahya
المسماري,Al-Mismari
حاتم,Hatem
حسن,Hassan
محمد,Mohammed
البلالي,Al-Balali
سعد,Saad
علي,Ali
الزوي,Al-Zwai
عبدالحكيم,Abdelhakim
رمضان,Ramadan
سليمان,Suleiman
ونيس,Wanees
وداد,Widad
ديدح,Didah
بوحليقة,Bohleiga
روبين,Robin
ربيع,Rabie
جمعه,Jomaa
بوشعاله,Boshaala
احميد,Ahmeid
احسين,Ahsein
نصر,Nasr
مصباح,Misbah
صالحة,Saleha
أحمد,Ahmed
عمر,Omar
شيبه,Shaibah
خديجه,Khadija
يوسف,Youssef
عبدربه,Abdrabbo
عبدالخالق,Abdelkhaleq
فجرية,Fajriya
الشريف,Al-Sharif
الشيبانى,Al-Shaibani
عبدالله,Abdullah
عامر,Amer
عبدالعالي,Abdelali
عاشور,Ashour
الفيتوري,Al-Fitouri
غادة,Ghada
على,Ali
باله,Balah
احمد,Ahmed
عبدالحميد,Abdelhamid
نجم,Najm
عبدالقادر,Abdelqader
العبد,Al-Abd
خالد,Khaled
مسعود,Masoud
سالم,Salem
الكواش,Al-Kawash
فهيمة,Fahima
سعيد,Saeed
عياد,Ayad
عمران,Omran
اليدري,Al-Yadri
مبسوطه,Mabsoota
رافع,Rafea
عوض,Awad
عبدالواحد,Abdelwahid
ابوبكر,Abubakr
المهدى,Al-Mahdi
ابراهيم,Ibrahim
العريبى,Al-Aribi
بسمه,Basma
محمود,Mahmoud
عقيله,Aqila
نورا,Noura
ذاوود,Dawood
اقوية,Aqawiya
حنان,Hanan
اسماعيل,Ismail
وفاء,Wafaa
عبدالسلام,Abdelsalam
مفتاح,Meftah
حسين,Hussein
امنه,Amena
فرج,Faraj
بوخزام,Bokhzam
عفاف,Afaf
عبدالكريم,Abdelkarim
التهامى,Al-Tuhami
هبه,Heba
خليفه,Khalifa
عبيده,Obeida
مصطفى,Mostafa
الحدادي,Al-Haddadi
بشير,Bashir
سليمة,Salima
بالعيد,Balaid
امحمد,Emhamed
كمبل,Kambal
المبروك,Al-Mabrouk
حماد,Hammad
جمعة,Jomaa
الصبيحي,Al-Subaihi
فوزيه,Fawziya
اسحيم,Ashaim
ابتهال,Ibtihal
منصور,Mansour
فرجاني,Farjani
اميرة,Amira
داوود,Dawood
الفزاني,Al-Fazzani
بهاءالدين,Bahaeddin
مملوك,Mamlouk
فتح,Fath
الله,Allah
امنيسي,Amenisi
هنيه,Haniya
صالح,Saleh
جميله,Jamila
سعده,Saada
حامد,Hamed
عبدالهادي,Abdelhadi
لزرق,Lazraq
فتحيه,Fathiya
عبدالفتاح,Abdelfattah
عبيد,Obeid
الفاخري,Al-Fakhri
ادريس,Idris
حمد,Hamed
اقطيط,Aqtit
فتحى,Fathi
الشمالي,Al-Shamali
مسعوده,Masouda
الكاديكي,Al-Kadiki
ام,Umm
السعد,Al-Saad
عطيه,Atiya
هدى,Huda
يونس,Younes
عبدالصادق,Abdelsadeq
غيث,Ghaith
مرزوق,Marzouk
عبدالرؤف,Abdelraouf
فيتور,Fitur
فضل,Fadl
ناجى,Naji
العماري,Al-Omari
برنيه,Barniya
البكاي,Al-Bakkay
رشا,Rasha
البكوش,Al-Bakoush
أسيا,Asiya
الصديق,Al-Siddiq
المصراتى,Al-Misrati
سعاد,Souad
عبدالعالى,Abdelali
المغربي,Al-Maghribi
امل,Amal
المعتمد,Al-Motamad
فاطمه,Fatima
الوحيشي,Al-Wahishi
كركار,Karkar
خليفة,Khalifa
العائب,Al-Aaeb
فايز,Faiez
موسى,Mousa
كريم,Karim
فرحات,Farhat
عبدالرسول,Abdelrasoul
الرحيبي,Al-Ruhaibi
حسّن,Hassan
عادل,Adel
سناء,Sanaa
امين,Amin
المنياوي,Al-Miniawi
نجاة,Najat
الدرباك,Al-Darbak
الشكرى,Al-Shakri
نجيه,Najia
بوبكر,Bobakr
ساميه,Samia
نوري,Nouri
عزيزه,Aziza
بوغولة,Boghoula
عبدالونيس,Abdelwanis
اغفير,Aghfir
صالحه,Saleha
بلال,Bilal
نوالدين,Noureddin
طاهر,Taher
ارحومه,Arhouma
بن,Ben
جلول,Jelloul
المهدي,Al-Mahdi
الضلعه,Al-Dalaa
ايمان,Iman
عبدالحفيظ,Abdelhafeez
عثمان,Othman
العوامي,Al-Awami
رقيه,Ruqayya
امراجع,Emraji
الصغير,Al-Saghir
الساكر,Al-Saker
عائشة,Aisha
امعزيق,Emaziq
البرغثي,Al-Barghathi
سميه,Sumaya
نوح,Nouh
زقوط,Zaqout
هاجر,Hajar
المحيشي,Al-Mahishi
فاطمة,Fatima
احفيظة,Ahfaiza
ليلي,Laila
الحمودي,Al-Hamoudi
سالمين,Salmeen
الساعدى,Al-Saadi
غزاله,Ghazala
عيسى,Issa
الطويل,Al-Tawil
العريبي,Al-Aribi
ناصر,Nasser
العبار,Al-Abbar
جبريل,Jibril
المجريسي,Al-Majrisi
امدلله,Amdallah
القذافي,Al-Qadhafi
الطويلب,Al-Tuwaileb
مديحة,Madiha
لطفي,Lotfi
مرعية,Mareya
عبدالنبي,Abdelnabi
العشيبي,Al-Ashaibi
نعيمه,Naeema
هاشم,Hashem
مبارك,Mubarak
الساعدي,Al-Saadi
الجندي,Al-Jundi
الاثرم,Al-Athram
نوارة,Nuwara
الفزانى,Al-Fazzani
احميده,Ahmeida
الحداد,Al-Haddad
عاليه,Alia
الهرش,Al-Harsh
خليل,Khalil
عباس,Abbas
الناجى,Al-Naji
الزروق,Al-Zrouq
تختاش,Takhtash
كافية,Kafiya
مستوره,Mastoura
فضيل,Fudail
انبيش,Anbish
عبداللطيف,Abdellatif
امال,Amal
المجريسى,Al-Majrisi
نصير,Nseir
الاترم,Al-Atram
النحيلي,Al-Nehaili
منى,Mona
الجهمي,Al-Jahmi
عصام,Issam
بوهديمه,Bohdeima
نجوى,Najwa
العبيدى,Al-Obaidi
عبدالدايم,Abdeldaem
ابتسام,Ibtisam
العرفي,Al-Orfi
بالقاسم,Belqasim
أمراجع,Emraji
ريم,Reem
عبدالرازق,Abdelrazek
رجب,Rajab
ميلاد,Milad
الشيخى,Al-Sheikhi
سالمة,Salma
أنس,Anas
فوزى,Fawzi
الصادق,Al-Sadeq
شتول,Shtoul
عالي,Aali
فتحي,Fathi
نهى,Noha
نصيب,Naseeb
زهره,Zahra
عبدالمالك,Abdelmalek
بزامه,Bazzama
صلاح,Salah
الدين,Eddin
مرعي,Marei
عبدالرحمن,Abdelrahman
عزالدين,Ezzeddin
المنقوش,Al-Manqoush
ريسة,Reisa
أمنه,Amena
العامرى,Al-Amari
الموهوب,Al-Mawhoub
عبدالرحيم,Abdelrahim
سلوى,Salwa
اللواج,Al-Lawaj
عمار,Ammar
معروف,Maarouf
أرحيم,Arhaim
حليمه,Halima
أدم,Adam
ابوحليمه,Abouhalima
سعديه,Saadia
الجازوي,Al-Jazawi
طيب,Tayeb
ماضى,Madi
نعيمة,Naeema
اشتيوي,Ashtiwi
جادالله,Jadallah
الضراط,Al-Darrat
العرفى,Al-Orfi
آمنه,Amena
موسي,Mousa
ارحيم,Arhaim
بدر,Bader
الفرجانى,Al-Farjani
الشطشاط,Al-Shtashat
رجاء,Rajaa
عبدالجليل,Abdeljalil
المهدوى,Al-Mahdawi
حميدة,Hmeida
هيبه,Heba
الاوجلي,Al-Awjali
محبوبة,Mahbouba
عبدالهادى,Abdelhadi
الأجطل,Al-Ajtal
مبروكة,Mabrouka
سميره,Samira
سلامة,Salama
اغنيوه,Aghniwa
صبريه,Sabriya
الهاشمى,Al-Hashmi
العيان,Al-Ayyan
دنيا,Donia
سامى,Sami
نجاتى,Najati
مفراكس,Mafraks
هارون,Haroun
الفلاح,Al-Fallah
اللافي,Al-Lafi
بوأصبع,Boasba
ناجيه,Najia
ايناس,Inas
اشقيفه,Ashqifa
تبرة,Tabra
زيدان,Zidan
امبريكه,Embarika
حميد,Humaid
الرعيض,Al-Ruaidh
ريان,Rayyan
الورفلى,Al-Warfalli
فتحية,Fathiya
الوافى,Al-Wafi
منال,Manal
مبروكه,Mabrouka
الجازى,Al-Jazi
رويده,Ruwaida
العز,Al-Ezz
ابوشناف,Aboushnaf
الهرام,Al-Haram
امانى,Amani
عبدالشفيع,Abdelshafie
التاعب,Al-Taaeb
بوقرين,Bogrin
طالب,Taleb
جمل,Jamal
عائشه,Aisha
نواره,Nuwara
الصالحين,Al-Saleheen
اشتيوى,Ashtiwi
زايد,Zayed
عبدالجيد,Abdeljid
أحمودة,Ahmouda
تهانى,Tahani
رقبة,Ragba
الشهوبى,Al-Shahoubi
شعيب,Shuaib
اكريم,Akrim
خير,Khair
الشارف,Al-Sharif
مراجع,Mraji
زوبي,Zoubi
جاده,Jada
عبد,Abd
القوي,Al-Qawi
حميده,Hmeida
حواء,Hawa
القعود,Al-Gaoud
منيرة,Munira
احويج,Ahwaij
رابحه,Rabha
البنوني,Al-Bannouni
الجهانى,Al-Jahani
النور,Al-Nour
الفرجاني,Al-Farjani
محبوب,Mahboub
فاتن,Faten
الرايس,Al-Raees
عبدالنبى,Abdelnabi
النائلى,Al-Naili
فاضل,Fadel
المعوج,Al-Maouj
ضوء,Dhou
نجاح,Najah
عبدالعزيز,Abdelaziz
قذافى,Qadhafi
الشامخ,Al-Shamikh
شحات,Shehat
عبدالناصر,Abdelnasser
عبدالعاطي,Abdelati
قاسم,Qasem
مقبولة,Maqboula
القديري,Al-Qadiri
كريمه,Karima
الجبالي,Al-Jabali
القدارى,Al-Qadari
الصيد,Al-Said
عبدالعاطى,Abdelati
وكال,Wikal
عصرانه,Asrana
شعبان,Shaaban
ملكه,Malika
القزاز,Al-Qazzaz
عواطف,Awatif
السنوسى,Al-Senussi
سالمه,Salma
بولغيب,Bolghaib
عبدالوهاب,Abdelwahab
البرنس,Al-Barnis
لمياء,Lamia
عزيزة,Aziza
عقيلة,Aqila
البرجو,Al-Barjou
عبدالباسط,Abdelbasset
الفارسي,Al-Farsi
انتصار,Intisar
احمودة,Ahmouda
عماد,Imad
الفضيل,Al-Fudail
الساحلى,Al-Sahli
ابوسديغ,Abousdeigh
عبدالكافى,Abdelkafi
الكوافى,Al-Kawafi
أمال,Amal
فوزي,Fawzi
غشير,Ghashir
العمامي,Al-Omami
بريدان,Bridan
الغفير,Al-Ghafeer
استبرق,Istabraq
البيجو,Al-Bijo
فريال,Ferial
معزب,Moazeb
العقوري,Al-Ogouri
طارق,Tariq
السيد,El-Sayed
عبدالدائم,Abdeldaem
العقيلى,Al-Aqili
عطية,Atiya
مازق,Mazeg
حسْن,Hassan
القزون,Al-Gazzoun
عيد,Eid
فوزية,Fawziya
امهني,Amhani
ابحيري,Abheiri
ابوسيف,Abouseif
مفلح,Mefleh
اخليف,Akhlif
المعداني,Al-Maadani
صبرية,Sabriya
بومنجل,Bomenjel
ياسمينة,Yasmina
سليم,Salim
الشيخي,Al-Sheikhi
نجمة,Najma
ميار,Mayar
التهامي,Al-Tuhami
إبراهيم,Ibrahim
منير,Mounir
الريفى,Al-Rifi
بوكاره,Bokara
اقزيم,Aqzeem
هلال,Hilal
لقريد,Lqreid
اسقاوه,Isqawa
بوجدارية,Bojdaria
حمدى,Hamdi
البكاى,Al-Bakkay
الجالى,Al-Jali
نجية,Najia
الدانسكه,Al-Danaska
عزة,Izza
خميس,Khamis
العزيز,Aziz
خضر,Khader
سند,Sanad
السعيطي,Al-Suyuti
زينب,Zainab
الغرياني,Al-Ghiryani
عبدالمجيد,Abdelmajid
غالية,Ghalia
رزق,Rizk
الصويعى,Al-Suwaii
اقويدر,Aqwaidar
لجين,Lujain
قطيش,Qteish
عبدالغفار,Abdelghaffar
الصراح,Al-Sarrah
المطرفي,Al-Matrafi
الهادي,Al-Hadi
الزائر,Al-Zaer
بوزريبه,Bozreiba
سمية,Sumaya
بورقيعه,Borqia
المهدوي,Al-Mahdawi
كالى,Kali
دلوما,Dalouma
الشابي,Al-Shabi
اجديده,Ajdeida
رجعه,Rajaa
الفيتورى,Al-Fitouri
زطاطة,Ztata
امسيب,Amsib
دلال,Dalal
زهرة,Zahra
قدور,Qaddour
وليد,Walid
خديجة,Khadija
المزينى,Al-Mazini
حنين,Haneen
الاسكندراني,Al-Iskandarani
بعيو,Baayo
اقويه,Aqawiya
المغيربى,Al-Maghirbi
جابر,Jaber
اسويرى,Aswairi
مروى,Marwa
المحلي,Al-Mahalli
سدينة,Sdeina
لاشهب,Lasheb
حموده,Hamouda
الآء,Alaa
الشاوش,Al-Shawish
عبداله,Abdallah
الخضراء,Al-Khadraa
الشيباني,Al-Shaibani
امطير,Amtir
السلام,Salam
روضه,Rawda
بخيت,Bakhit
اجويلي,Ajwaili
شكري,Shukri
القطعاني,Al-Qatani
إيمان,Iman
غصون,Ghousoun
البراني,Al-Barani
بودجاجه,Bodjaja
الربيعى,Al-Rubaii
رحاب,Rehab
المجبري,Al-Majbari
الفقي,Al-Fiqi
شيماء,Shaimaa
حدود,Hudoud
فله,Fella
عقلى,Aqli
خلف,Khalaf
معوض,Moawad
ماسة,Masa
اسامه,Osama
صهيب,Sohaib
المشيطى,Al-Mashiti
بوخزيم,Bokhzeim
عتيقه,Ateeqa
بوعايشة,Boaisha
ابوالقاسم,Aboulqasem
أيوب,Ayoub
حفاظ,Hafaz
الشارده,Al-Sharada
العجيلي,Al-Ojeili
أوحيدة,Ouhaida
العلوانى,Al-Alwani
ايمن,Ayman
اقليوان,Aqliwan
ابوجوله,Aboujola
جمال,Jamal
يحى,Yahya
المسمارى,Al-Mismari
العمارى,Al-Omari
خاتمه,Khatma
ارجيعة,Arjia
اقدورة,Aqdoura
خيرالله,Khairallah
احلام,Ahlam
فائزه,Faiza
ياسر,Yasser
شقلوف,Shaglouf
آمنة,Amena
صفاء,Safaa
بهاء,Baha
رحيل,Raheel
الفقى,Al-Fiqi
مجيد,Majid
الجملى,Al-Jamli
فائد,Faed
الدرسى,Al-Darsi
الثوير,Al-Thuwair
أمينه,Amina
أسماعيل,Ismail
فريحه,Fareeha
مضاوي,Madhawi
حيسن,Hisen
منيره,Munira
المنفور,Al-Manfour
كامله,Kamla
الحجل,Al-Hajal
خطاب,Khattab
انوار,Anwar
المالطى,Al-Malti
نجاتي,Najati
غفير,Ghafeer
حازم,Hazem
الخرشوفي,Al-Kharshoufi
هنية,Haniya
امبارك,Embarek
عبدالمنعم,Abdelmoneim
الطبولى,Al-Tabouli
المجيد,Al-Majid
رضوان,Ridwan
عز,Ezz
بومراغه,Bomaragha
سوميه,Soumaya
العربى,Al-Arabi
غاليه,Ghalia
الشكماك,Al-Shakmak
مرعى,Marei
الطيار,Al-Tayyar
الغمارى,Al-Ghamari
الكاديكى,Al-Kadiki
الامين,Al-Amin
الفازه,Al-Fazza
ابو,Abou
سبيحة,Sbiha
وعد,Waad
النويسري,Al-Nuwaisri
مكائيل,Mikail
مريم,Mariam
بوجازية,Bogazia
بولطعه,Bolatta
القماطى,Al-Qamati
هناء,Hanaa
مرام,Maram
نبيل,Nabil
مخيون,Mekhion
قيس,Qais
زاهيه,Zahia
عيسي,Issa
بوزيد,Bozid
هدي,Huda
مختار,Mukhtar
الحضيري,Al-Hudairi
عايده,Aida
انويجي,Anwaiji
مؤمن,Moumen
رواسي,Rawasi
مجدى,Magdi
المصراتي,Al-Misrati
ناديه,Nadia
الحران,Al-Harran
ابوزيد,Abouzeid
نعمه,Neama
بوصفيطه,Bosfita
احريب,Ahrib
إعبيد,Ebeid
عبير,Abeer
سلامه,Salama
اجبالي,Ajbali
الامير,Al-Amir
الزين,Al-Zein
علجيه,Aljia
عبدالبارى,Abdelbari
اقرين,Aqrin
مسعودة,Masouda
بازاما,Bazama
الشعافي,Al-Shaafi
الورفلي,Al-Warfalli
الفاخرى,Al-Fakhri
كثلوم,Kathloum
حريمص,Hraimis
الحوتى,Al-Houti
حسام,Hossam
بالطيب,Baltayeb
عبدالستار,Abdelsattar
النعاس,Al-Naas
فراج,Faraj
اسمهان,Asmahan
ضؤ,Dhou
الاخضر,Al-Akhdar
فريحة,Fareeha
اوريده,Ouraida
قشقش,Qashqash
سندس,Sundus
الحميد,Hamid
الفضلى,Al-Fadli
أماني,Amani
اللطيف,Latif
اعبيده,Abeida
زين,Zein
راشد,Rashid
عبدالباري,Abdelbari
القرارى,Al-Qarari
مبروك,Mabrouk
حليم,Halim
الطيف,Al-Taif
حمزه,Hamza
ابوزريده,Abuzreida
جاب,Jab
أمينة,Amina
قادير,Qadir
الرازق,Al-Razek
الغيثى,Al-Ghaithi
احدود,Ahdoud
الدائري,Al-Dairi
الجامعي,Al-Jamei
خيرية,Khayriya
احركة,Ahrika
الزادمه,Al-Zadma
القديرى,Al-Qadiri
هبة,Heba
عبدالجواد,Abdeljawad
سيف,Saif
الست,Al-Set
النوري,Al-Nouri
الخداشي,Al-Khadashi
سميرة,Samira
الدشاش,Al-Dashash
ناجية,Najia
امجحيد,Amjheid
نوال,Nawal
امبيه,Ambih
أمريض,Amreid
أمهشهش,Amhashhash
سرير,Sreir
الككلى,Al-Kikli
بوشناف,Boshnaf
بوعوينة,Boaineh
بالنور,Belnour
عيده,Aida
حبيب,Habib
سوالم,Suwalem
فاديه,Fadia
الشوبكي,Al-Shoubaki
البرغثى,Al-Barghathi
الهوني,Al-Houni
نادية,Nadia
الربع,Al-Rubaa
مباركه,Mubarka
عبله,Abla
فريد,Farid
القرضاوي,Al-Qaradawi
زاهية,Zahia
المالطي,Al-Malti
احميدة,Ahmeida
الزليتني,Al-Zlitni
ايه,Ayh
السنوسي,Al-Senussi
رسلان,Ruslan
نورية,Nouria
البرانى,Al-Barani
الكيلانى,Al-Kilani
محجوب,Mahjoub
بالحسن,Belhassan
فتاح,Fattah
إدريس,Idris
ماهر,Maher
الطبولي,Al-Tabouli
ميكائيل,Mikail
الجروشي,Al-Jaroushi
الشركي,Al-Sharki
سليمه,Salima
الجحاوى,Al-Jahawi
التركاوي,Al-Terkawi
بوعجيله,Boajila
التاجوري,Al-Tajouri
رمزي,Ramzi
عبدالكافي,Abdelkafi
بوساندها,Bosandha
مروه,Marwa
عطّيه,Atiya
الورشفاني,Al-Wershefani
مهدى,Mahdi
تفاحة,Tuffaha
مراد,Murad
العلاقي,Al-Alaqi
العمرونى,Al-Amrouni
أمغيب,Amghaib
اسماء,Asmaa
كاطو,Kato
المحمودى,Al-Mahmoudi
الكرغلى,Al-Karaghli
ريما,Reema
التريكى,Al-Turki
الرقيق,Al-Raqiq
معيوف,Mayouf
غانم,Ghanm
لامين,Lamin
شريفه,Sharifa
رؤيا,Roaya
صابر,Saber
العنيزى,Al-Anizi
الرجوان,Al-Rajwan
أروى,Arwa
الفناص,Al-Fannas
القداري,Al-Qadari
السنيه,Al-Siniya
الفسى,Al-Fassi
سيد,Syd
لامار,Lamar
التواتي,Al-Twaty
فائز,Faiz
غيداء,Ghaida
مداوى,Madhawi
هنداوي,Hindawi
صفية,Safiya
زائد,Zayed
اية,Aya
الشحات,Al-Shehat
باشير,Bashir
الرقيعي,Al-Raqii
مروة,Marwa
عقيل,Aqeel
الخير,Al-Khair
ذاود,Dawood
الترهوني,Al-Tarhouni
رابحين,Rabheen
الدامى,Al-Dami
ونيسه,Waneesa
الكيلاني,Al-Kilani
كريمة,Karima
عبدالسيد,Abdelsayed
السوسي,Al-Sousi
نسرين,Nesreen
التاجورى,Al-Tajouri
يحي,Yhy
غزى,Ghazzi
سلوي,Salwa
العباني,Al-Abbani
الدعيكي,Al-Duaiki
الخمسى,Al-Khomsi
غريب,Gharib
المنشاوى,Al-Menshawi
بودلال,Bodlal
المرابط,Al-Murabit
مني,Muna
ردينة,Rudaina
الشويهدي,Al-Shwihdi
هيثم,Haitham
حليمة,Halima
اسراء,Esraa
الزيانى,Al-Zayani
رحمة,Rahma
الدبار,Al-Dabbar
نمر,Nimr
السيدة,Al-Sayyida
علم,Alam
الطرابلسي,Al-Trabulsi
منصوره,Mansoura
المجبرى,Al-Majbari
كحيل,Kuhail
اكرم,Akram
الكاسح,Al-Kasih
العيادى,Al-Ayadi
النايلى,Al-Naili
رجعة,Rja
امعيزيق,Emaziq
المحجوب,Al-Mahjoub
الزينه,Al-Zeina
العجيلى,Al-Ajyla
ابريك,Abreik
بوجوله,Bojoula
فائزة,Faiza
احنيش,Ahnish
انتسال,Intisal
اقصيبات,Aqsibat
أبوجوارى,Aboujawari
عليوه,Aliwa
الزواوي,Al-Zwawy
أعبيد,Abeid
بيسان,Bisan
منصف,Munsif
صبري,Sabri
ادريزه,Idriza
الصابر,Al-Sabr
جبر,Jbr
ابوراوي,Abourawi
المعتصم,Al-Mutasim
بالله,Billah
نجاه,Najat
الزلاوي,Al-Zlawi
أهليل,Ahlil
الفسي,Al-Fassi
سامي,Sami
ماجدة,Majda
الزبير,Al-Zubair
خمادة,Khamada
أرين,Areen
ياسمين,Yasmin
أمحمد,Emhamed
الحجاجى,Al-Hajjaji
اسليم,Asleem
الهدار,Al-Hdar
المقصود,Al-Maqsoud
بوحليفه,Bohalifa
البنونى,Al-Bannouni
بودبوس,Bodbous
الحولة,Al-Houla
منيسي,Menisi
ورده,Warda
العكب,Al-Akab
الو,Al
رفلي,Warfali
ربيعة,Rabia
الجالي,Al-Jaly
فيصل,Faisal
امجيديب,Amjideb
أسيل,Aseel
رهف,Rahaf
زينه,Zeina
بوسيف,Boseif
فيتوري,Fitouri
غيظان,Ghaithan
كشكر,Kashkar
نائل,Nail
غيضان,Ghaidan
العقباني,Al-Aqbani
امباركه,Embarika
ابلال,Ablal
موده,Mawadda
المصري,Al-Masri
بوزويده,Bozweida
سعيده,Saeeda
البدرى,Al-Badri
ر,R
هف,Hf
باكره,Bakra
الجيلاني,Al-Jilani
الجهمى,Al-Jhma
بالشهر,Belshahr
عبدالمولى,Abdelmawla
النبى,Al-Nba
ابوهدمه,Abouhadma
ضاويه,Dhawiya
جنى,Jana
المغيربي,Al-Maghirbi
القاسى,Al-Qasi
بوهيسة,Bohisa
كمال,Kamal
مرضى,Mardhi
فايزه,Faiza
عبدالمطلوب,Abdelmatloub
اذويب,Adhwaib
غاده,Ghada
حفيظ,Hafeez
الوداوي,Al-Wadawi
محارب,Muharib
عبدالغنى,Abdelghani
الصريط,Al-Srait
الفليليح,Al-Flailih
هند,Hind
عاطف,Atf
الطيب,Al-Tayeb
زنيب,Zainab
القادر,Al-Qadr
ابوصلاح,Abousalah
بوخريص,Bokhreis
شبره,Shabra
رشيد,Rashid
شولاك,Shoulak
أبوبكر,Abubakr
الترهونى,Al-Tarhouni
أرميل,Armeel
سدينه,Sdeina
الماقورى,Al-Maqouri
بالاشهر,Belashhar
أميره,Amira
نجيب,Najib
الهنيد,Al-Hunaid
موفق,Mowaffaq
إيرين,Irene
السيوي,Al-Siwi
المهشهش,Al-Mahshash
الحاسي,Al-Hassi
رابح,Rabeh
انور,Anwar
مصفطى,Mostafa
الطيرة,Al-Tira
ضاوية,Dawya
الشرقان,Al-Shargan
رنده,Randa
شتيوى,Shtiwi
مبسوطة,Mabsoota
لجهر,Lajhar
نعيم,Naeem
ماضي,Madi
الهمالي,Al-Hamali
بلقاسم,Belqasim
القبائلى,Al-Qabaili
شاحوت,Shahout
الشاعرى,Al-Shaeri
منية,Muniya
فطوم,Fatoum
حسني,Hosni
البركاوي,Al-Barkawi
صوان,Sawan
المطرى,Al-Matri
القرفة,Al-Qirfa
هديه,Hadia
ميلود,Miloud
البرعصي,Al-Baraasi
الزرقه,Al-Zarqa
الدرسي,Al-Darsi
جقرم,Jaqram
علواني,Alwani
مصطفي,Mostafa
الكردي,Al-Kurdi
امنى,Omnia
الدوكالى,Al-Doukali
امجيحيد,Amjheid
مُبشر,Mubashir
المختاري,Al-Mukhtari
اقبيلي,Aqbeili
البرناوي,Al-Barnawi
الرابحي,Al-Rabhi
المشيطي,Al-Mashiti
جلال,Jalal
العيساوي,Al-Issawi
ساسي,Sasi
اهليل,Ahlil
بانى,Bani
البريكي,Al-Buraiki
جنان,Jinan
الاكرش,Al-Akrash
ادخيل,Adkheil
الرياني,Al-Rayyani
رزان,Razan
بوشاقور,Boshagour
حويله,Huwaila
بتال,Batal
بوكمار,Bokmar
رواد,Ruwad
جميلة,Jamila
العقوريه,Al-Aqouriya
لؤى,Luay
فهمى,Fahmi
بيرماكس,Birmax
توفيق,Tawfiq
ارواق,Arwaq
نوايل,Nawail
عويضه,Aweida
سجاوة,Sajawa
ابحيرى,Abhairi
عبدالفراج,Abdelfaraj
مكتوبه,Maktouba
لشهب,Lashhab
اعبيد,Abeid
الفايدي,Al-Faidi
حمزة,Hamza
شيناه,Shinah
أمهيوس,Amhyous
الريانى,Al-Ryana
بورزيزه,Borzeiza
جازية,Jazia
السائح,Al-Sayeh
الضويلة,Al-Duwaila
ابوقطمه,Abouqatma
عسيلة,Aseela
امراجي,Amraji
صافية,Safia
الهام,Elham
بركه,Baraka
تيسير,Taysir
الشائب,Al-Shaeb
امينه,Amina
الهوارى,Al-Hawari
امهدى,Emhda
بالخير,Belkhair
الضليل,Al-Dhuleil
ادبيش,Adbeish
الجلالي,Al-Jalali
زريق,Zuraiq
ابودلال,AbouDalal
فايزة,Fayza
الحجال,Al-Hajjal
الشهوبي,Al-Shahoubi
نورى,Nouri
فجريه,Fajriya
اكشيش,Akshish
احسان,Ihsan
حمدي,Hamdi
العبيدي,Al-Obaidi
حكيم,Hakim
محمدعلى,Mohammed Ali
الشعافى,Al-Shafa
جورى,Jouri
نورسان,Noursan
القماطي,Al-Qamati
سهام,Seham
الهمالى,Al-Hamali
بولعج,Bolaaj
تهاني,Tahani
اوربده,Ourbida
الطريدى,Al-Traidi
عبدربة,Abdrabbo
مادى,Madi
المكرش,Al-Makrash
أوريدة,Oureida
النافع,Al-Nafa
الحفيظ,Al-Hafeez
شيشيو,Shishio
مناجي,Munaji
الشهيبي,Al-Shaheibi
بودراعه,Bodraa
بوسبعه,Bosbaa
المنصوري,Al-Mansouri
ابوراوى,Abourawi
رابحة,Rabha
بسكرى,Biskri
الاوجلى,Al-Awjali
أخريم,Akhrim
صابرين,Sabreen
ثريا,Thuraya
مجاور,Mujawir
المزوغي,Al-Mazoughi
مفيده,Mufida
مستورة,Mastoura
أبوهدمه,Abouhadma
القذافى,Al-Qadhafi
الشلوى,Al-Shalwi
سلطان,Sultan
الخرم,Al-Kharam
البركي,Al-Barki
مولاى,Moulay
حاملينها,Hamlinha
راف,Raaf
مطرف,Mutraf
الصلابى,Al-Sallabi
تربل,Tarbel
الشاعري,Al-Shaeri
الزلتني,Al-Zlitni
امداوي,Emdawi
الدالي,Al-Dali
امبية,Ambiya
بومحجوبة,Bomahjouba
الذيب,Al-Dheeb
الراحل,Al-Rahil
ابواصبع,AbouAsba
الاجنف,Al-Ajnaf
الرحيبى,Al-Ruhaibi
نورالدين,Noureddin
مشاش,Mashash
السحار,Al-Sahhar
المستيري,Al-Mistiri
بركات,Barakat
بكار,Bakkar
رحيق,Rahiq
جادالمولى,Jad Al-Mawla
البلالى,Al-Balali
الظريف,Al-Zarif
بوفراج,Bofaraj
فدوى,Fadwa
دريزه,Driza
عازة,Aza
دولت,Dawlat
خلود,Khulood
قجة,Qja
المرتجع,Al-Murtaja
هندر,Handar
الدروقي,Al-Drouqi
الباسط,Al-Bast
النعا,Al-Na
س,S
العوامى,Al-Awama
العمامى,Al-Omami
الخفيفي,Al-Khafeefi
البركى,Al-Barki
الاحجل,Al-Ahjal
زبي,Zby
الكراثى,Al-Kratha
حافظ,Hafez
الكزه,Al-Kzh
بومريومه,Bomaryouma
ازريق,Azriq
ناجي,Naji
الغماري,Al-Ghamari
باسل,Basel
شعيتر,Shaytr
فيروز,Fairouz
الخازمي,Al-Khazmi
بولموشة,Bolmousha
قليدة,Qlaida
ماقيق,Maqiq
الزني,Al-Zni
اولاد,Awlad
عتيق,Atiq
قويدر,Qwaider
المختار,Al-Mukhtar
ابوصبيع,Abousbii
النجار,Al-Najjar
امنا,Amna
السلطنى,Al-Sultani
غفران,Ghufran
سحنون,Sahnoun
اجويده,Ajwaida
بوارحيلة,Boarhila
الطوير,Al-Tuwair
التومى,Al-Twma
احموده,Ahmouda
المزوغى,Al-Mazoughi
الخشرفة,Al-Khasharfa
ارجيعه,Arjyah
الحسين,Al-Hussein
التاورغي,Al-Tawerghi
عبشو,Abshou
تقوى,Taqwa
المدني,Al-Madani
تمام,Tamam
الحاسى,Al-Hassi
بتول,Batoul
الدميني,Al-Dimini
أمهيدى,Amahidi
المغربى,Al-Maghribi
حويو,Huwaiyu
التجاني,Al-Tijani
الضغير,Al-Dhughair
المنصورى,Al-Mansouri
رضا,Reda
نيبال,Nibal
أجويلي,Ajwaili
ذهب,Dhahab
شرقاوي,Sharqawi
مروان,Marwan
اطوير,Atwair
امبيريكة,Embirika
اسلام,Islam
ابريدان,Abraydan
الزواوى,Al-Zwawa
الزليتنى,Al-Zlitni
قجوم,Qajoum
شنيب,Shneib
أحلام,Ahlam
حاكمه,Hakima
ضاوى,Dawa
وريدة,Warida
درميش,Darmish
قنديل,Qandil
شهاوى,Shhawa
سلسبيل,Salsabil
بوغراره,Bogharara
الزهراء,Al-Zahraa
الرضاء,Al-Rida
ابوشكيكة,Aboushkika
أميرة,Amira
مصري,Masri
زبلح,Zablih
اقصيري,Aqsiri
افريج,Afrij
البسيوني,Al-Basyouni
ريحانة,Ryhana
عيدة,Ayda
بلعيد,Belaid
محي,Mhy
الطيره,Al-Tira
الرحمن,Al-Rahman
أنور,Anwar
بو,Bo
شعالة,Shala
وردة,Warda
الحيص,Al-Hais
المعدانى,Al-Maadani
مهدي,Mahdi
مها,Maha
الجيلانى,Al-Jylana
رناء,Rna
الزاطل,Al-Zatil
حويل,Hweil
الاخطل,Al-Akhtal
المقصبي,Al-Maqsabi
الحضيرى,Al-Hudairi
حسنة,Hasna
اعتيق,Atiq
ملاك,Malak
نذير,Nadheer
منذر,Munther
نجلاء,Najla
الناجي,Al-Najy
عويضة,Aweida
باقو,Baqw
تامر,Tamer
ابوعزة,AbouIzza
خويره,Khuwaira
الواحد,Al-Wahd
مكاسب,Mkasb
رقيق,Raqiq
بورغيده,Borghida
بوجريعيد,Bojraeid
انس,Ans
اعتيقه,Ateeqa
ربح,Rbh
انعام,Anam
بوفجرة,Bofajra
المبري,Al-Mibri
اشكينه,Ashkina
الزوى,Al-Zwai
أسمة,Asma
المولى,Al-Mwla
الثقيبي,Al-Thaqibi
بركة,Baraka
الجلالى,Al-Jlala
وسام,Wisam
غزالة,Ghazala
وريده,Warida
بوطلاق,Botlaq
شبرق,Shabraq
القندوز,Al-Qandouz
امينة,Amina
فركاش,Frkash
عبدالطيف,Abdeltaif
إيرنيا,Irinia
عبالله,Aballh
المطردي,Al-Matridi
مطرود,Matroud
بوشيحه,Boshaiha
مقبوله,Maqboula
التربي,Al-Turbi
يعقوب,Yaqoub
ضيف,Dyf
الدغاري,Al-Daghari
روفيده,Rofeida
الزياني,Al-Zayani
الجربى,Al-Jarbi
عبدو,AbdelW
مرجان,Marjan
زموت,Zammout
الهجينة,Al-Hajina
الونيس,Al-Wanees
الاطرش,Al-Atrash
جازيه,Jazia
صالحين,Saleheen
القبائلي,Al-Qabaili
اسعيده,Asaydh
نافو,Nafw
الطاهر,Al-Taher
المحرق,Al-Muhriq
صابره,Sabra
امبيريكه,Embirika
أم,Am
قصيل,Qusail
بواسطيل,Boastil
عبدالونس,Abdelwanis
احمدى,Ahmda
عبدالخير,Abdelkhair
شمس,Shams
الجرارى,Al-Jarrari
الجارد,Al-Jard
الصور,Al-Sour
السيعيطى,Al-Syayta
الثنى,Al-Thani
الظراط,Al-Zrat
الغرابي,Al-Gharabi
نزيهه,Naziha
الصويد,Al-Suwaid
سكينه,Sakina
بوحجر,Bohajar
الازرق,Al-Azraq
مشرى,Mishri
غرسة,Ghirsa
الجديد,Al-Jadid
الفراوى,Al-Frawa
دارين,Dareen
اشريف,Ashrif
ايهاب,Ayhab
معلومة,Malouma
التومي,Al-Toumi
حدوث,Hudouth
مشراف,Mishraf
السويدي,Al-Suwaidi
سمير,Sameer
مهيوس,Mahyous
سهى,Sha
الوداني,Al-Wadani
اصميده,Asmeida
احطيبه,Ahtiba
مهذب,Muhadhab
بهيث,Beheith
نزهه,Nazha
علية,Aliya
كوافي,Kwafy
عبدالباقى,Abdelbaqi
السيفى,Al-Saifi
الدبيبيغ,Al-Dbeibigh
دخيل,Dkheil
الشقعابي,Al-Shuqabi
حسنيا,Hasniya
الراشدي,Al-Rashidi
سويحل,Swaihal
المباركي,Al-Mubarki
نعمان,Naman
الحويلى,Al-Huwaili
مرعيه,Mareya
المرضي,Al-Mardhi
لطيفه,Latifa
العجمى,Al-Ajma
المستيرى,Al-Mistiri
المقصبى,Al-Maqsabi
ناصف,Nasef
امبيوة,Ambiwa
فنوش,Fannoush
الغول,Al-Ghoul
ابولطيعه,AbouLtyah
أجويلى,Ajwaili
انعيمه,Anaymh
ملم,Mlm
منتصر,Muntasir
نايف,Nayef
الشريدى,Al-Shuraidi
امنة,Amna
نوريه,Nouria
بوهدمه,Bohadma
الجهاني,Al-Jahani
اقنيبر,Aqnaibar
إسماء,Isma
أشريف,Ashrif
ابريكه,Abrika
بوزريبة,Bozriba
الطشاني,Al-Tshani
بوحبوطه,Bohabota
فهيمه,Faheema
المعاطي,Al-Maati
الدبو,Al-Dabbo
احفاف,Ahfaf
الشبلى,Al-Shibli
الغريانى,Al-Ghiryani
البصباص,Al-Basbas
عبدالرؤوف,Abdelraouf
بالشيخ,Belsheikh
شلام,Shallam
الرفادى,Al-Rafadi
نبيله,Nabila
اسويسي,Asweisi
اشكيوي,Ashkiwi
قرقوم,Gargoum
الشكري,Al-Shakri
قريره,Qraira
مطروط,Matrout
عازه,Azh
الحشانى,Al-Hshana
القطعانى,Al-Qatani
المطردى,Al-Matridi
معتوق,Maatouq
الشلقمي,Al-Shalqami
أسماء,Asma
تسنيم,Tasneem
مشاءالله,Mashaallah
الزوبيك,Al-Zoubeik
رقية,Ruqayya
البوعيشى,Al-Buaishi
القمودى,Al-Qamoudi
عبدالمولي,Abdelmawla
الكدن,Al-Kadan
آمال,Amal
قطيط,Qteit
الميساوي,Al-Misawi
الخامسة,Al-Khamisa
عتيرة,Ateira
محجود,Mahjoud
أمنيسي,Amenisi
ضو,Dhou
المير,Al-Mir
بوجرمه,Bojarma
ساطي,Sati
العورانى,Al-Awrani
احويو,Ahwiyu
عليوان,Alywan
نعناع,Nanaan
اهليس,Ahlis
احواس,Ahwas
نفيسه,Nafisa
ابوشويقير,Aboushwaigir
سفيان,Sufyan
بوعصرانه,Boasrana
نافع,Nafa
الفارسى,Al-Farsa
اريج,Areej
باكير,Bakir
بوعجيلة,Boajila
اوريث,Ouraith
مًحمد,Mohammed
مكة,Mka
امطيره,Amtira
ساره,Sarah
التاورغى,Al-Tawerghi
الخفيفى,Al-Khafeefi
رسميه,Rasmia
الدرفيلي,Al-Darfili
شلبي,Shalabi
الميطونى,Al-Maitouni
الديب,Al-Deeb
نحمده,Nahmda
ابوعجيل,Abouajil
ابوغراره,AbouGhrarh
الصفراني,Al-Safrani
الولد,Al-Walad
اسويري,Aswairi
عون,Awn
خيريه,Khayriya
الرملي,Al-Ramli
مهاء,Maha
ابوزكرة,AbouZkra
بوخمادة,Bokhamada
انويجى,Anwaiji
الجدائمى,Al-Jdaima
الشركسى,Al-Sharkasi
الهامل,Al-Haml
محبوبه,Mahbouba
اهويدى,Ahouaidi
مادي,Mady
حلمي,Helmi
بلل,Ballal
نجوة,Najwa
السوادى,Al-Suwadi
تفاحه,Tuffaha
مختاض,Mukhtad
زيد,Zyd
بشاشة,Bashasha
خنيفر,Khneifer
ابوهوله,Abouhula
امطيرة,Amtira
الودانى,Al-Wadani
بومطاري,Bomtari
مخزوم,Makhzoum
حريز,Hreiz
اوريدة,Oureida
عالية,Alia
امخاطره,Emkhatra
زكيه,Zakia
مرزوقه,Marzouga
بشون,Bashoun
اسميو,Asmiou
الشبلي,Al-Shibli
الجحاوي,Al-Jhawy
شريفة,Sharifa
الشلبى,Al-Shalbi
ديهوم,Dihoum
ميرال,Meral
أنيسه,Anisa
اللبار,Al-Lbar
زوبى,Zoubi
عقوب,Aqoub
بالنصر,Belnasr
اقديرات,Aqdeirat
العجيل,Al-Ajyl
الكرغلي,Al-Karaghli
اسامة,Asama
اخريص,Akhreis
زمزم,Zamzam
الميسوم,Al-Maisoum
مشري,Mishri
فالح,Faleh
لطفيه,Lotfia
المرغني,Al-Marghani
شمام,Shmam
رحومه,Rahouma
تركيه,Turkiya
الكصك,Al-Kask
ماجده,Majda
اللافى,Al-Lafi
باقى,Baqa
ليله,Laila
بيضة,Baida
الحاج,Al-Hajj
خضرة,Khadra
جيد,Jaid
بالناصر,Balnasr
احديدان,Ahdeidan
ابوقفه,AbouQfh
العلواني,Al-Alwani
خريبيش,Khraibish
الحميدي,Al-Humaidi
نادر,Nader
نبيلة,Nabila
بالحمد,Balhmd
قشاط,Qashat
المسلاتى,Al-Maslati
فرحان,Farhan
أرقية,Arqiya
معتوقه,Maatouqa
العبدلي,Al-AbdelLy
الحسونى,Al-Hassouni
أعمورة,Amoura
أوريث,Ouraith
بومحراث,Bomhrath
العالى,Al-Ala
زيتونه,Zaitouna
امقاوى,Emqawi
سعدة,Saada
زكرى,Zakri
عاشوراكس,Ashwraks
الكشر,Al-Kashar
المنفى,Al-Manfi
صديقة,Siddiqa
مرسي,Morsi
الطرابلسى,Al-Trabulsi
غازى,Ghaza
غنيوه,Gheniwa
القطرانى,Al-Qatrani
الهادى,Al-Hada
أسحيم,Ashaim
الزليطنى,Al-Zlitni
رندا,Randa
افليفل,Aflayfil
شويخة,Shuwaikha
الحوات,Al-Hawat
بوحلابه,Bohalaba
بوزريده,Bozreida
نفيعه,Nafia
البدري,Al-Badri
بيوض,Bayoud
حيفان,Haifan
بوغيبة,Boghaiba
البرعصى,Al-Brasa
العارف,Al-Arf
النعاجى,Al-Naaji
عبدالنافع,Abdelnafi
الرحمان,Al-Rhman
ابواعبيد,AbouAbeid
رنا,Rna
شحادة,Shhada
الجعيري,Al-Jayry
بوشرتيلة,Boshartila
الجليل,Al-Jalil
جعيدر,Juaidar
صباح,Sabah
اعتدال,Atdal
بزامة,Bazzama
العكوكى,Al-Akouki
الضبيع,Al-Dbya
الشلماني,Al-Shalmani
المصرى,Al-Masri
حنيش,Huneish
مامى,Mama
ابوحليقة,Abouhleiqa
ابوحليقه,AbouHlyqh
الديجاوي,Al-Dijawi
زكية,Zakia
اطلوبه,Atlouba
هالة,Hala
دبوسة,Dabbousa
بهية,Bahia
قسامي,Qsamy
عصمان,Asman
الشامى,Al-Shami
البشير,Al-Bashir
السركسى,Al-Sarkasi
الحمروني,Al-Hamrouni
هويده,Howeida
غريبه,Ghariba
معيتق,Maitiq
رفعت,Rifaat
أدريس,Idris
الوافي,Al-Wafy
احمدي,Ahmadi
العجيلات,Al-Ajylat
عايدة,Aida
سبيع,Subai
فجرة,Fajra
الجافل,Al-Jafl
اشطبح,Ashtabah
دردف,Dardaf
هليب,Hulaib
منبيه,Munbiha
ابوعين,AbouAyn
رانيه,Rania
زهير,Zuhair
اصغيو,Asghiu
ابورقيبه,AbouRqybh
النمرسى,Al-Nmrsa
نجله,Najla
الوليد,Al-Walid
فائقة,Faiqa
ابخاطره,Abkhatrh
العزوزي,Al-Azwzy
رانيا,Ranya
شهاب,Shehab
الزوام,Al-Zwam
العقيلي,Al-Aqyly
جرمة,Jarma
بونخيله,Bonkhila
الشواي,Al-Shway
شتيوان,Shtiwan
اجبالية,Ajbaliya
امطول,Amtoul
اننابارتولد,Annebartold
زبكنيف,Zbiknif
برتولد,Bertold
براني,Barani
انبيق,Anbiq
ابوعجيله,Abouajila
أهليس,Ahlys
شويقير,Shwaigir
نزهة,Nazha
الزعنون,Al-Zaanoun
مومن,Moumen
ابوخزام,AbouKhzam
جود,Joud
الزائدي,Al-Zaidi
فايقة,Fayqa
يامنه,Yamna
بورقبة,Borqba
قراب,Qurab
اوشطو,Oshto
بوصلاح,Bosalah
الحقيق,Al-Haqiq
سعدالدين,Saadeldin
بوبطينه,Bobteina
هرهور,Harhour
العنور,Al-Anour
الرعيدى,Al-Ruaidi
الصقوري,Al-Saqouri
لبنى,Lubna
سعود,Saud
فكري,Fikri
قندس,Qandous
الغني,Al-Ghani
نعمت,Nemat
امغيربي,Amghirbi
الشيلابى,Al-Shailabi
المخشخش,Al-Makhshakhsh
السعيطى,Al-Suyuti
فايده,Faida
اقبيلى,Aqbeili
بشر,Bashar
الدمنسي,Al-Dimnasi
الفونى,Al-Founi
ليليان,Lilian
الرؤوف,Al-Raouf
أزبكي,Azbaki
المجاور,Al-Mujawir
السميع,Al-Samie
فرهود,Farhoud
دجن,Dajan
بديعه,Badia
تعويضه,Taweeda
زهوه,Zahwa
وازن,Wazin
بالليل,Ballil
رفيعة,Rafeea
اسويكر,Aswaiker
حبريشه,Habrisha
أمهدي,Amahdi
ابوقرين,Abougrin
الطشانى,Al-Tshani
زيو,Ziou
صادق,Sadiq
عاصم,Asm
الاسكندرانى,Al-Iskandarani
البحيح,Al-Buheih
ابوغرارة,AbouGhrara
صفوان,Safwan
زهري,Zuhri
تريفيس,Trifis
ابوعزيزة,AbouAziza
يسري,Yusra
الكريم,Al-Karim
سحر,Sahar
عجالي,Ajaly
افطيمة,Aftyma
الشركسي,Al-Sharkasi
تجديده,Tajdeeda
يزه,Yiza
كسكسو,Kaskasou
بوغرارة,Boghrara
درويش,Darwish
الغويل,Al-Ghweil
رحومة,Rahouma
سفيتلانا,Svetlana
أمناء,Amna
شبير,Shbeir
عرفه,Arafa
القاسي,Al-Qasi
المحمودي,Al-Mahmoudi
بوستاله,Bostala
جميل,Jamil
ابوهليل,AbouHlyl
اماني,Amani
حمى,Hma
عنان,Anan
عجائب,Ajaib
اسباق,Asbaq
العدولي,Al-Adouli
سوزان,Suzan
سرايه,Saraya
المقرون,Al-Maqroun
الغراري,Al-Gharari
النيهوم,Al-Nihoum
الشلبه,Al-Shalba
العيساوى,Al-Aysawa
عبدالغني,Abdelghani
حمودة,Hamouda
شاميه,Shamiya
جاد,Jad
حرويس,Harweiss
ارميله,Armila
الاحمر,Al-Ahmr
بسمة,Basma
ابوخريص,Aboukhreis
العقيب,Al-Aqyb
فارس,Fares
أطلوبة,Atlouba
بوصبره,Bosabra
مقتاح,Mqtah
رشوان,Rashwan
بنينه,Benina
بومشاب,Bomshab
نبوس,Nabous
احنيدر,Ahnidar
حوده,Houda
شده,Shadda
العبدلى,Al-Abdali
الجازوى,Al-Jazwa
اعيون,Aayoun
شيبانى,Shaibani
الخواجة,Al-Khawaja
وحيدة,Wahida
جلجال,Jaljal
القاضى,Al-Qadi
الهونى,Al-Hwna
المدولى,Al-Madouli
عبدالسميع,Abdelsamie
الفاضلي,Al-Fadly
بوحليقه,Bohleiqa
الغيرانى,Al-Ghyrana
نفيسة,Nafisa
بوحويش,Bohwaish
بواسويق,Boaswiq
الصاوي,Al-Sawy
ياسين,Yaseen
بوزريق,Bozriq
شاوش,Shawish
رغده,Raghda
سلطانه,Sultana
مصدق,Mosaddeq
اليمني,Al-Yemeni
أبتسام,Abtsam
جوده,Jouda
سلاف,Sulaf
العقورى,Al-Aqwra
غزي,Ghazzi
الرحيم,Al-Raheem
الجليدى,Al-Jlyda
كشبور,Kashbour
السوكنى,Al-Swkna
فياض,Fayyad
بالرواق,Balrwaq
السلطني,Al-Sultani
الحول,Al-Houl
شماطة,Shmata
القزيري,Al-Qazeiri
هدية,Hadiya
عزوز,Azwz
بارود,Baroud
امهذب,Amhdhb
الشلحي,Al-Shlhy
شعله,Shoula
النيبو,Al-Nibou
عبدالوكيل,Abdelwakil
عبدالعظيم,Abdelazim
أحميده,Ahmeida
قريمية,Quraimiya
سويكر,Swaiker
باده,Bada
صبحيه,Sobhia
عسكر,Askar
رحيم,Raheem
اغا,Agha
كبلان,Kablan
ريله,Rila
النوكاس,Al-Nwkas
التركى,Al-Trka
الريشى,Al-Rishi
اميره,Amira
الزغيد,Al-Zughid
عبدالمغيث,Abdelmughith
بوتميم,Botmeem
ريحاب,Rihab
بودوارة,Bodawara
العوج,Al-Awj
سنية,Saniya
بنت,Bnt
الدخلاوي,Al-Dakhlawi
حرم,Hrm
كاملة,Kamla
عقيلي,Aqili
عيادة,Ayada
عنايه,Anayh
المطونى,Al-Matouni
لمعي,Lamai
جهمي,Jahmi
اشرف,Ashraf
مخلوف,Makhlouf
حسونة,Hassouna
بوشعرايه,Bosharaia
سعبد,Saabd
ابسيس,Absis
امهدي,Amahdi
ياسمينه,Yasmina
باشات,Bashat
بشري,Bushra
فخر,Fakhr
شلوي,Shalwi
لوجلى,Lujli
فطيمة,Fteima
المارغني,Al-Marghani
حيدر,Haidar
بوشعالة,Boshaala
كرد,Krd
ابوشوفه,Aboushoufa
بالرحال,Balrhal
شتوان,Shtwan
ونيسة,Waneesa
امراجعة,Amraja
أجهمي,Ajahmi
طلوبه,Tlouba
اوحيدة,Awhyda
اغنيوة,Aghnywa
الباز,Al-Baz
الواعر,Al-Waaer
هيوب,Hayoub
بولطيعة,Bolteia
غازي,Ghazi
السحنون,Al-Sahnoun
اعظيم,Azeim
الظافرى,Al-Zhafri
المبرى,Al-Mbra
جويده,Juwaida
طرابه,Taraba
الزاعله,Al-Zaala
البائن,Al-Bain
ابتهاج,Abthaj
شمننه,Shamnana
بوفرده,Bofarda
خضره,Khadra
محـــــــمد,Mohammed
معتمد,Motamad
الحازمى,Al-Hazmi
الدينالي,Al-Dinari
كنز,Kanz
ريش,Reish
فضيلة,Fadila
ادهيم,Adeheim
امنيسى,Amenisi
جربوع,Jarbou
كوري,Kouri
بوشوال,Boshwal
القاسم,Al-Qasem
سويد,Swyd
رندة,Rnda
خريف,Kharif
افرنش,Afrnsh
الرقاص,Al-Raqqas
العويب,Al-Awyb
ازويته,Azwyth
آثار,Athar
سهير,Suhair
العلاقى,Al-Alaqa
حوش,Housh
ربه,Rabbo
الأسمع,Al-Asmaa
العود,Al-Awd
الداره,Al-Darh
الساقزلى,Al-Saqzli
عرابي,Arabi
أبوزيد,Abouzeid
شهبون,Shahboun
ابوسنينة,AbouSnyna
خيال,Khyal
الضعيفى,Al-Dayfa
نمارق,Nmarq
شرفاد,Sharfad
وجدان,Wijdan
الابرق,Al-Abraq
الزائدى,Al-Zaida
المرغنى,Al-Marghani
جعفر,Jafr
عبدالقوي,Abdelqawi
امهنى,Amhni
الصداعى,Al-Sadai
عمرو,Amrw
معيتيق,Maitiq
اسيل,Asyl
ربيعه,Rabia
دغمان,Dghman
ظافر,Zafir
المقرحى,Al-Mqrha
العاطي,Al-Aty
الفتيوري,Al-Ftywry
العاطى,Al-Ata
الحوتي,Al-Hwty
الرضي,Al-Rdy
التائب,Al-Taib
الساطور,Al-Satour
المشهش,Al-Mashhash
الفخاخري,Al-Fakhakhri
الادغم,Al-Adgham
سكرى,Skra
سراج,Seraj
قنبه,Qnbh
البرناوى,Al-Brnawa
ميرفت,Mervat
حسان,Hsan
فهد,Fhd
اسرافيل,Asrafyl
هويدي,Howeidi
الصافي,Al-Safy
كونقاي,Kongai
ورايا,Waraya
شارده,Shardh
المجدوب,Al-Mjdwb
الصويري,Al-Suwairi
الزيدانى,Al-Zydana
صديق,Sdyq
لاغا,Lagha
الكليلي,Al-Kleili
الطراح,Al-Trah
بوشويقير,Boshwaigir
نايل,Nayl
حويش,Hwysh
لطيوش,Latyoush
عفيفي,Afifi
بوطليوح,Botliouh
ايتيم,Aitim
لينا,Lina
جميعة,Jmya
الذويب,Al-Dhwyb
أخريبيش,Akhrybysh
تومانة,Toumana
عروس,Arws
شاهين,Shahyn
بتينة,Bteina
شويخه,Shuwaikha
بسيكرى,Bsykra
آدم,Adm
أمغلية,Amghlya
الشيلابي,Al-Shylaby
سماح,Smah
ليلى,Laila
شنزق,Shanzag
امرجع,Amrja
الرقبي,Al-Rqby
اكواس,Akwas
فادي,Fady
بروج,Borouj
شمسه,Shamsa
أوريده,Awrydh
الدرناوى,Al-Darnawi
الفريخ,Al-Farikh
مرسال,Mersal
امساعد,Amsaed
مرواس,Marwas
المقروس,Al-Mqrws
بوضوقة,Bodouga
أبوشناف,Aboushnaf
الزنتاني,Al-Zintani
الكوافي,Al-Kwafy
لبيز,Lbeiz
كويري,Kwairi
النبي,Al-Nby
ابوعافيه,AbouAfyh
الجطلاوي,Al-Jtlawy
الحرش,Al-Hrsh
إنتصار,Intisar
الشاردة,Al-Sharda
حكمت,Hikmat
الدلولى,Al-Dlwla
بودومان,Bodouman
الرجبانى,Al-Rjbana
صريتي,Sryty
القطرونى,Al-Qatruni
منصورة,Mansoura
شامخ,Shamikh
نور,Nour
ميسون,Maysoun
ابوخطوة,AbouKhtwa
نصرالله,Nasrallah
بوجليل,Bojalil
أيه,Ayh
صليحة,Slyha
يسرى,Ysra
اجويدة,Ajwaida
تفيده,Tfydh
المدولي,Al-Madouli
امان,Aman
منسي,Mnsy
المجراب,Al-Mjrab
السلينى,Al-Slyna
عائدة,Aida
كرداش,Krdash
شحاتة,Shhata
قتا,Qta
فردوس,Firdous
مرضيه,Mrdyh
ابورقيعه,AbouRqyah
اشنينه,Ashnynh
نعمات,Namat
فضه,Fidda
امغليه,Amghlyh
شرين,Shireen
الساحلي,Al-Sahli
اذياب,Adhyab
حوريه,Houria
السنى,Al-Sunni
مهيدي,Mehidi
عويشينة,Aweishina
إمحمد,Emhamed
عكش,Akash
الجبالى,Al-Jbala
الاحيول,Al-Ahywl
الصابرة,Al-Sabra
الفركاش,Al-Frkash
اللواطى,Al-Lwata
القوارشه,Al-Qawarsha
السويح,Al-Suwaih
نهله,Nahla
سهيلة,Shyla
عرام,Aram
الصمد,Al-Samad
بوختيشه,Bokhtisha
امعومه,Amawmh
عاقوب,Aqoub
عقيب,Aqyb
أيناس,Aynas
الكور,Al-Kour
الدغارى,Al-Dghara
الشنيتي,Al-Shaniti
محرز,Muhrez
مريز,Mriz
محسن,Mohsen
البناني,Al-Bannani
تبره,Tabra
الاشهب,Al-Ashhab
القليب,Al-Qlyb
مطاوع,Matawa
امباركة,Ambarka
الجاده,Al-Jada
الدريحو,Al-Darihou
القاس,Al-Qas
بوفاعوص,Bofaous
عبدالزين,Abdelzein
اليدرى,Al-Yadri
بوبعيده,Bobaida
الفقيه,Al-Faqih
راضية,Radhiya
العربي,Al-Arabi
الفاسي,Al-Fassi
الوسطى,Al-Wusta
الأرنؤوط,Al-Arnaout
بوجناح,Bojnah
بوحوش,Bohoush
الخنساء,Al-Khansaa
عبدالعليم,Abdelaleem
هويدا,Howeida
بولطيعه,Bolteia
ميمون,Maimoun
الشطشاطى,Al-Shtashati
عماره,Amara
عطايه,Ataya
أمل,Amal
أنتصار,Intisar
الدلنسى,Al-Dalansi
عليه,Aliya
السمين,Al-Samin
القزيرى,Al-Qazeiri
ايوب,Ayoub
اطراد,Atrad
اقليص,Aqlis
